Workbook
Name Slicer_Age_Range: #N/A
Name Slicer_Age_Range1: #N/A
Name Slicer_Daily_Steps_Categories: #N/A
Name Slicer_Gender1: #N/A
Name Slicer_Gender2: #N/A
Name Slicer_Occupation: #N/A
Name Slicer_Stress_Level: #N/A

Sheet Sheet8
A3: Count of Sleep Disorder | B3: Column Labels
A4: Row Labels | B4: Insomnia | C4: None | D4: Sleep Apnea | E4: Grand Total
A5: Accountant | B5: 7 | C5: 30 | E5: 37
A6: Doctor | B6: 3 | C6: 64 | D6: 4 | E6: 71
A7: Engineer | B7: 5 | C7: 57 | D7: 1 | E7: 63
A8: Lawyer | B8: 2 | C8: 42 | D8: 3 | E8: 47
A9: Manager | C9: 1 | E9: 1
A10: Nurse | B10: 3 | C10: 9 | D10: 61 | E10: 73
A11: Sales Representative | D11: 2 | E11: 2
A12: Salesperson | B12: 29 | C12: 2 | D12: 1 | E12: 32
A13: Scientist | C13: 2 | D13: 2 | E13: 4
A14: Software Engineer | B14: 1 | C14: 3 | E14: 4
A15: Teacher | B15: 27 | C15: 9 | D15: 4 | E15: 40
A16: Grand Total | B16: 77 | C16: 219 | D16: 78 | E16: 374

Sheet Sleep_health_and_lifestyle_data
A1: Person ID | B1: Gender | C1: Age | D1: Age Range | E1: Occupation | F1: Sleep Duration | G1: Quality of Sleep | H1: Physical Activity Level | I1: Stress Level | J1: BMI Category | K1: Blood Pressure | L1: Heart Rate | M1: Daily Steps | N1: Daily Steps Categories | O1: Sleep Disorder
A2: 1 | B2: Male | C2: 27 | D2: {=_xlfn.IFS(C2 <=25, "under 25 ", C2<=35, "26-35", C2<=45, "36-45", C2<=60,"46-60", C2>60,"60+")} -> 26-35 | E2: Software Engineer | F2: 6.1 | G2: 6 | H2: 42 | I2: 6 | J2: Overweight | K2: 126/83 | L2: 77 | M2: 4200 | N2: {=_xlfn.IFS(M2<5000,"Very low activity",M2<7500,"Low activity",M2<10000,"Moderate activity",M2<12500,"Active",M2>=12500,"Highly active")} -> Very low activity | O2: None
A3: 2 | B3: Male | C3: 28 | D3: {=_xlfn.IFS(C3 <=25, "under 25 ", C3<=35, "26-35", C3<=45, "36-45", C3<=60,"46-60", C3>60,"60+")} -> 26-35 | E3: Doctor | F3: 6.2 | G3: 6 | H3: 60 | I3: 8 | J3: Normal | K3: 125/80 | L3: 75 | M3: 10000 | N3: {=_xlfn.IFS(M3<5000,"Very low activity",M3<7500,"Low activity",M3<10000,"Moderate activity",M3<12500,"Active",M3>=12500,"Highly active")} -> Active | O3: None
A4: 3 | B4: Male | C4: 28 | D4: {=_xlfn.IFS(C4 <=25, "under 25 ", C4<=35, "26-35", C4<=45, "36-45", C4<=60,"46-60", C4>60,"60+")} -> 26-35 | E4: Doctor | F4: 6.2 | G4: 6 | H4: 60 | I4: 8 | J4: Normal | K4: 125/80 | L4: 75 | M4: 10000 | N4: {=_xlfn.IFS(M4<5000,"Very low activity",M4<7500,"Low activity",M4<10000,"Moderate activity",M4<12500,"Active",M4>=12500,"Highly active")} -> Active | O4: None
A5: 4 | B5: Male | C5: 28 | D5: {=_xlfn.IFS(C5 <=25, "under 25 ", C5<=35, "26-35", C5<=45, "36-45", C5<=60,"46-60", C5>60,"60+")} -> 26-35 | E5: Sales Representative | F5: 5.9 | G5: 4 | H5: 30 | I5: 8 | J5: Obese | K5: 140/90 | L5: 85 | M5: 3000 | N5: {=_xlfn.IFS(M5<5000,"Very low activity",M5<7500,"Low activity",M5<10000,"Moderate activity",M5<12500,"Active",M5>=12500,"Highly active")} -> Very low activity | O5: Sleep Apnea
A6: 5 | B6: Male | C6: 28 | D6: {=_xlfn.IFS(C6 <=25, "under 25 ", C6<=35, "26-35", C6<=45, "36-45", C6<=60,"46-60", C6>60,"60+")} -> 26-35 | E6: Sales Representative | F6: 5.9 | G6: 4 | H6: 30 | I6: 8 | J6: Obese | K6: 140/90 | L6: 85 | M6: 3000 | N6: {=_xlfn.IFS(M6<5000,"Very low activity",M6<7500,"Low activity",M6<10000,"Moderate activity",M6<12500,"Active",M6>=12500,"Highly active")} -> Very low activity | O6: Sleep Apnea
A7: 6 | B7: Male | C7: 28 | D7: {=_xlfn.IFS(C7 <=25, "under 25 ", C7<=35, "26-35", C7<=45, "36-45", C7<=60,"46-60", C7>60,"60+")} -> 26-35 | E7: Software Engineer | F7: 5.9 | G7: 4 | H7: 30 | I7: 8 | J7: Obese | K7: 140/90 | L7: 85 | M7: 3000 | N7: {=_xlfn.IFS(M7<5000,"Very low activity",M7<7500,"Low activity",M7<10000,"Moderate activity",M7<12500,"Active",M7>=12500,"Highly active")} -> Very low activity | O7: Insomnia
A8: 7 | B8: Male | C8: 29 | D8: {=_xlfn.IFS(C8 <=25, "under 25 ", C8<=35, "26-35", C8<=45, "36-45", C8<=60,"46-60", C8>60,"60+")} -> 26-35 | E8: Teacher | F8: 6.3 | G8: 6 | H8: 40 | I8: 7 | J8: Obese | K8: 140/90 | L8: 82 | M8: 3500 | N8: {=_xlfn.IFS(M8<5000,"Very low activity",M8<7500,"Low activity",M8<10000,"Moderate activity",M8<12500,"Active",M8>=12500,"Highly active")} -> Very low activity | O8: Insomnia
A9: 8 | B9: Male | C9: 29 | D9: {=_xlfn.IFS(C9 <=25, "under 25 ", C9<=35, "26-35", C9<=45, "36-45", C9<=60,"46-60", C9>60,"60+")} -> 26-35 | E9: Doctor | F9: 7.8 | G9: 7 | H9: 75 | I9: 6 | J9: Normal | K9: 120/80 | L9: 70 | M9: 8000 | N9: {=_xlfn.IFS(M9<5000,"Very low activity",M9<7500,"Low activity",M9<10000,"Moderate activity",M9<12500,"Active",M9>=12500,"Highly active")} -> Moderate activity | O9: None
A10: 9 | B10: Male | C10: 29 | D10: {=_xlfn.IFS(C10 <=25, "under 25 ", C10<=35, "26-35", C10<=45, "36-45", C10<=60,"46-60", C10>60,"60+")} -> 26-35 | E10: Doctor | F10: 7.8 | G10: 7 | H10: 75 | I10: 6 | J10: Normal | K10: 120/80 | L10: 70 | M10: 8000 | N10: {=_xlfn.IFS(M10<5000,"Very low activity",M10<7500,"Low activity",M10<10000,"Moderate activity",M10<12500,"Active",M10>=12500,"Highly active")} -> Moderate activity | O10: None
A11: 10 | B11: Male | C11: 29 | D11: {=_xlfn.IFS(C11 <=25, "under 25 ", C11<=35, "26-35", C11<=45, "36-45", C11<=60,"46-60", C11>60,"60+")} -> 26-35 | E11: Doctor | F11: 7.8 | G11: 7 | H11: 75 | I11: 6 | J11: Normal | K11: 120/80 | L11: 70 | M11: 8000 | N11: {=_xlfn.IFS(M11<5000,"Very low activity",M11<7500,"Low activity",M11<10000,"Moderate activity",M11<12500,"Active",M11>=12500,"Highly active")} -> Moderate activity | O11: None
A12: 11 | B12: Male | C12: 29 | D12: {=_xlfn.IFS(C12 <=25, "under 25 ", C12<=35, "26-35", C12<=45, "36-45", C12<=60,"46-60", C12>60,"60+")} -> 26-35 | E12: Doctor | F12: 6.1 | G12: 6 | H12: 30 | I12: 8 | J12: Normal | K12: 120/80 | L12: 70 | M12: 8000 | N12: {=_xlfn.IFS(M12<5000,"Very low activity",M12<7500,"Low activity",M12<10000,"Moderate activity",M12<12500,"Active",M12>=12500,"Highly active")} -> Moderate activity | O12: None
A13: 12 | B13: Male | C13: 29 | D13: {=_xlfn.IFS(C13 <=25, "under 25 ", C13<=35, "26-35", C13<=45, "36-45", C13<=60,"46-60", C13>60,"60+")} -> 26-35 | E13: Doctor | F13: 7.8 | G13: 7 | H13: 75 | I13: 6 | J13: Normal | K13: 120/80 | L13: 70 | M13: 8000 | N13: {=_xlfn.IFS(M13<5000,"Very low activity",M13<7500,"Low activity",M13<10000,"Moderate activity",M13<12500,"Active",M13>=12500,"Highly active")} -> Moderate activity | O13: None
... A375: 374 | B375: Female | C375: 59 | D375: {=_xlfn.IFS(C375 <=25, "under 25 ", C375<=35, "26-35", C375<=45, "36-45", C375<=60,"46-60", C375>60,"60+")} -> 46-60 | E375: Nurse | F375: 8.1 | G375: 9 | H375: 75 | I375: 3 | J375: Overweight | K375: 140/95 | L375: 68 | M375: 7000 | N375: {=_xlfn.IFS(M375<5000,"Very low activity",M375<7500,"Low activity",M375<10000,"Moderate activity",M375<12500,"Active",M375>=12500,"Highly active")} -> Low activity | O375: Sleep Apnea

Sheet Dashboard
B1: #VALUE!

Sheet Dashboard_new

Sheet Sheet2
A3: Row Labels | B3: Average of Sleep Duration
A4: Engineer | B4: 7.9873016
A5: Lawyer | B5: 7.4106383
A6: Accountant | B6: 7.1135135
A7: Nurse | B7: 7.0630137
A8: Doctor | B8: 6.9704225
A9: Manager | B9: 6.9
A10: Software Engineer | B10: 6.75
A11: Teacher | B11: 6.69
A12: Salesperson | B12: 6.403125
A13: Scientist | B13: 6
A14: Sales Representative | B14: 5.9
A15: Grand Total | B15: 7.1320856

Sheet Source for Dashboard
A1: Gender distribution | E1: Sleep duration by gender | H1: Quality of sleep by gender | N1: Row Labels | O1: Count of Person
A2: Row Labels | B2: Count of Gender | E2: Gender | F2: Sleep duration | H2: Gender | I2: Sleep quality | N2: 36-45 | O2: 170
A3: Male | B3: 189 | E3: Male | F3: =AVERAGEIF(Sleep_health_and_lifestyle_data!$B:$B,"Male",Sleep_health_and_lifestyle_data!F:F) -> 7.0365079 | H3: Male | I3: =AVERAGEIF(Sleep_health_and_lifestyle_data!$B:$B,"Male",Sleep_health_and_lifestyle_data!G:G) -> 6.968254 | N3: 46-60 | O3: 110
A4: Grand Total | B4: 189 | E4: Female | F4: =AVERAGEIF(Sleep_health_and_lifestyle_data!$B:$B,"Female",Sleep_health_and_lifestyle_data!F:F) -> 7.2297297 | H4: Female | I4: =AVERAGEIF(Sleep_health_and_lifestyle_data!$B:$B,"Female",Sleep_health_and_lifestyle_data!G:G) -> 7.6648649 | N4: 26-35 | O4: 94
N5: Grand Total | O5: 374
A7: Occupation distribution | E7: Average Stress Level by Occupation | H7: How occupation affects sleep disorders
A8: Row Labels | B8: Distribution of Occupations | E8: Row Labels | F8: Average of Stress Level | H8: Sleep disorder by occupation | I8: Column Labels | S8: Sleep Disorder by Age Range | T8: Column Labels
A9: Nurse | B9: 73 | E9: Nurse | F9: 6 | H9: Row Labels | I9: None | J9: Grand Total | S9: Row Labels | T9: None | U9: Grand Total
A10: Doctor | B10: 71 | E10: Grand Total | F10: 6 | H10: Nurse | I10: 1 | J10: 1 | S10: 46-60 | T10: 1 | U10: 1
A11: Engineer | B11: 63 | H11: Grand Total | I11: 1 | J11: 1 | S11: Grand Total | T11: 1 | U11: 1
A12: Lawyer | B12: 47
A13: Teacher | B13: 40
A14: Accountant | B14: 37
A15: Salesperson | B15: 32
A16: Software Engineer | B16: 4
A17: Scientist | B17: 4
A18: Sales Representative | B18: 2
A19: Manager | B19: 1
A20: Grand Total | B20: 374
L24: Max Sleep duraction
A25: Sleep disorder by gender | B25: Column Labels | L25: =MAX(Sleep_health_and_lifestyle_data!F:F) -> 8.5
A26: Row Labels | B26: Insomnia | C26: None | D26: Sleep Apnea | E26: Grand Total
A27: Female | B27: 0.19459459 | C27: 0.44324324 | D27: 0.36216216 | E27: 1 | G27: =67*100 -> 6700
A28: Male | B28: 0.21693122 | C28: 0.72486772 | D28: 0.058201058 | E28: 1 | G28: =G27/185 -> 36.216216
A29: Grand Total | B29: 0.20588235 | C29: 0.5855615 | D29: 0.20855615 | E29: 1 | I29: Sleep disorder by activity level | J29: Column Labels
I30: Row Labels | J30: None | K30: Insomnia | L30: Grand Total
I31: Low activity | J31: 10 | K31: 2 | L31: 12
I32: Grand Total | J32: 10 | K32: 2 | L32: 12

Sheet Stress level
A1: Gender | B1: Male
A2: Age Range | B2: 26-35
A3: Occupation | B3: Doctor
A5: Max of Stress Level
A6: 8

Sheet Sheet4
A3: Distribution of Occupations | B3: Column Labels
A4: Row Labels | B4: Accountant | C4: Doctor | D4: Engineer | E4: Lawyer | F4: Manager | G4: Nurse | H4: Sales Representative | I4: Salesperson | J4: Scientist | K4: Software Engineer | L4: Teacher | M4: Grand Total
A5: Worker(26-40) | B5: 31 | C5: 65 | D5: 11 | E5: 30 | G5: 7 | H5: 2 | J5: 4 | K5: 4 | L5: 11 | M5: 165
A6: Insomnia | B6: 1 | C6: 1 | D6: 1 | E6: 1 | G6: 2 | K6: 1 | L6: 2 | M6: 9
A7: None | B7: 30 | C7: 62 | D7: 10 | E7: 26 | G7: 3 | J7: 2 | K7: 3 | L7: 7 | M7: 143
A8: Sleep Apnea | C8: 2 | E8: 3 | G8: 2 | H8: 2 | J8: 2 | L8: 2 | M8: 13
A9: Midlife (41-60) | B9: 6 | C9: 6 | D9: 52 | E9: 17 | F9: 1 | G9: 66 | I9: 32 | L9: 29 | M9: 209
A10: Insomnia | B10: 6 | C10: 2 | D10: 4 | E10: 1 | G10: 1 | I10: 29 | L10: 25 | M10: 68
A11: None | C11: 2 | D11: 47 | E11: 16 | F11: 1 | G11: 6 | I11: 2 | L11: 2 | M11: 76
A12: Sleep Apnea | C12: 2 | D12: 1 | G12: 59 | I12: 1 | L12: 2 | M12: 65
A13: Grand Total | B13: 37 | C13: 71 | D13: 63 | E13: 47 | F13: 1 | G13: 73 | H13: 2 | I13: 32 | J13: 4 | K13: 4 | L13: 40 | M13: 374

Sheet Sleep_health_and_lifestyle_ (2)
A1: Person ID | B1: Gender | C1: Age | D1: Age Range | E1: Occupation | F1: Sleep Duration | G1: Quality of Sleep | H1: Physical Activity Level | I1: Stress Level | J1: BMI Category | K1: Blood Pressure | L1: Heart Rate | M1: Daily Steps | N1: Sleep Disorder
A2: 1 | B2: Male | C2: 27 | D2: {=_xlfn.IFS(C2 <=25, "under 25 ", C2<=35, "26-35", C2<=45, "36-45", C2<=60,"46-60", C2>60,"60+")} -> 26-35 | E2: Software Engineer | F2: 6.1 | G2: 6 | H2: 42 | I2: 6 | J2: Overweight | K2: 126/83 | L2: 77 | M2: 4200 | N2: None | P2: =COUNTIF(B:B, "Female") -> 185
A3: 2 | B3: Male | C3: 28 | D3: {=_xlfn.IFS(C3 <=25, "under 25 ", C3<=35, "26-35", C3<=45, "36-45", C3<=60,"46-60", C3>60,"60+")} -> 26-35 | E3: Doctor | F3: 6.2 | G3: 6 | H3: 60 | I3: 8 | J3: Normal | K3: 125/80 | L3: 75 | M3: 10000 | N3: None | P3: =COUNTIF(B:B, "Male") -> 189
A4: 3 | B4: Male | C4: 28 | D4: {=_xlfn.IFS(C4 <=25, "under 25 ", C4<=35, "26-35", C4<=45, "36-45", C4<=60,"46-60", C4>60,"60+")} -> 26-35 | E4: Doctor | F4: 6.2 | G4: 6 | H4: 60 | I4: 8 | J4: Normal | K4: 125/80 | L4: 75 | M4: 10000 | N4: None
A5: 4 | B5: Male | C5: 28 | D5: {=_xlfn.IFS(C5 <=25, "under 25 ", C5<=35, "26-35", C5<=45, "36-45", C5<=60,"46-60", C5>60,"60+")} -> 26-35 | E5: Sales Representative | F5: 5.9 | G5: 4 | H5: 30 | I5: 8 | J5: Obese | K5: 140/90 | L5: 85 | M5: 3000 | N5: Sleep Apnea
A6: 5 | B6: Male | C6: 28 | D6: {=_xlfn.IFS(C6 <=25, "under 25 ", C6<=35, "26-35", C6<=45, "36-45", C6<=60,"46-60", C6>60,"60+")} -> 26-35 | E6: Sales Representative | F6: 5.9 | G6: 4 | H6: 30 | I6: 8 | J6: Obese | K6: 140/90 | L6: 85 | M6: 3000 | N6: Sleep Apnea
A7: 6 | B7: Male | C7: 28 | D7: {=_xlfn.IFS(C7 <=25, "under 25 ", C7<=35, "26-35", C7<=45, "36-45", C7<=60,"46-60", C7>60,"60+")} -> 26-35 | E7: Software Engineer | F7: 5.9 | G7: 4 | H7: 30 | I7: 8 | J7: Obese | K7: 140/90 | L7: 85 | M7: 3000 | N7: Insomnia
A8: 7 | B8: Male | C8: 29 | D8: {=_xlfn.IFS(C8 <=25, "under 25 ", C8<=35, "26-35", C8<=45, "36-45", C8<=60,"46-60", C8>60,"60+")} -> 26-35 | E8: Teacher | F8: 6.3 | G8: 6 | H8: 40 | I8: 7 | J8: Obese | K8: 140/90 | L8: 82 | M8: 3500 | N8: Insomnia
A9: 8 | B9: Male | C9: 29 | D9: {=_xlfn.IFS(C9 <=25, "under 25 ", C9<=35, "26-35", C9<=45, "36-45", C9<=60,"46-60", C9>60,"60+")} -> 26-35 | E9: Doctor | F9: 7.8 | G9: 7 | H9: 75 | I9: 6 | J9: Normal | K9: 120/80 | L9: 70 | M9: 8000 | N9: None
A10: 9 | B10: Male | C10: 29 | D10: {=_xlfn.IFS(C10 <=25, "under 25 ", C10<=35, "26-35", C10<=45, "36-45", C10<=60,"46-60", C10>60,"60+")} -> 26-35 | E10: Doctor | F10: 7.8 | G10: 7 | H10: 75 | I10: 6 | J10: Normal | K10: 120/80 | L10: 70 | M10: 8000 | N10: None
A11: 10 | B11: Male | C11: 29 | D11: {=_xlfn.IFS(C11 <=25, "under 25 ", C11<=35, "26-35", C11<=45, "36-45", C11<=60,"46-60", C11>60,"60+")} -> 26-35 | E11: Doctor | F11: 7.8 | G11: 7 | H11: 75 | I11: 6 | J11: Normal | K11: 120/80 | L11: 70 | M11: 8000 | N11: None
A12: 11 | B12: Male | C12: 29 | D12: {=_xlfn.IFS(C12 <=25, "under 25 ", C12<=35, "26-35", C12<=45, "36-45", C12<=60,"46-60", C12>60,"60+")} -> 26-35 | E12: Doctor | F12: 6.1 | G12: 6 | H12: 30 | I12: 8 | J12: Normal | K12: 120/80 | L12: 70 | M12: 8000 | N12: None
A13: 12 | B13: Male | C13: 29 | D13: {=_xlfn.IFS(C13 <=25, "under 25 ", C13<=35, "26-35", C13<=45, "36-45", C13<=60,"46-60", C13>60,"60+")} -> 26-35 | E13: Doctor | F13: 7.8 | G13: 7 | H13: 75 | I13: 6 | J13: Normal | K13: 120/80 | L13: 70 | M13: 8000 | N13: None
A14: 13 | B14: Male | C14: 29 | D14: {=_xlfn.IFS(C14 <=25, "under 25 ", C14<=35, "26-35", C14<=45, "36-45", C14<=60,"46-60", C14>60,"60+")} -> 26-35 | E14: Doctor | F14: 6.1 | G14: 6 | H14: 30 | I14: 8 | J14: Normal | K14: 120/80 | L14: 70 | M14: 8000 | N14: None
A15: 14 | B15: Male | C15: 29 | D15: {=_xlfn.IFS(C15 <=25, "under 25 ", C15<=35, "26-35", C15<=45, "36-45", C15<=60,"46-60", C15>60,"60+")} -> 26-35 | E15: Doctor | F15: 6 | G15: 6 | H15: 30 | I15: 8 | J15: Normal | K15: 120/80 | L15: 70 | M15: 8000 | N15: None
... A266: 265 | B266: Male | C266: 48 | D266: {=_xlfn.IFS(C266 <=25, "under 25 ", C266<=35, "26-35", C266<=45, "36-45", C266<=60,"46-60", C266>60,"60+")} -> 46-60 | E266: Doctor | F266: 7.3 | G266: 7 | H266: 65 | I266: 5 | J266: Obese | K266: 142/92 | L266: 83 | M266: 3500 | N266: Insomnia
A267: 266 | B267: Female | C267: 48 | D267: {=_xlfn.IFS(C267 <=25, "under 25 ", C267<=35, "26-35", C267<=45, "36-45", C267<=60,"46-60", C267>60,"60+")} -> 46-60 | E267: Nurse | F267: 5.9 | G267: 6 | H267: 90 | I267: 8 | J267: Overweight | K267: 140/95 | L267: 75 | M267: 10000 | N267: Sleep Apnea | O267: {=COUNTIFS(B2, Female)} -> 0
A268: 267 | B268: Male | C268: 48 | D268: {=_xlfn.IFS(C268 <=25, "under 25 ", C268<=35, "26-35", C268<=45, "36-45", C268<=60,"46-60", C268>60,"60+")} -> 46-60 | E268: Doctor | F268: 7.3 | G268: 7 | H268: 65 | I268: 5 | J268: Obese | K268: 142/92 | L268: 83 | M268: 3500 | N268: Insomnia
A269: 268 | B269: Female | C269: 49 | D269: {=_xlfn.IFS(C269 <=25, "under 25 ", C269<=35, "26-35", C269<=45, "36-45", C269<=60,"46-60", C269>60,"60+")} -> 46-60 | E269: Nurse | F269: 6.2 | G269: 6 | H269: 90 | I269: 8 | J269: Overweight | K269: 140/95 | L269: 75 | M269: 10000 | N269: None
A270: 269 | B270: Female | C270: 49 | D270: {=_xlfn.IFS(C270 <=25, "under 25 ", C270<=35, "26-35", C270<=45, "36-45", C270<=60,"46-60", C270>60,"60+")} -> 46-60 | E270: Nurse | F270: 6 | G270: 6 | H270: 90 | I270: 8 | J270: Overweight | K270: 140/95 | L270: 75 | M270: 10000 | N270: Sleep Apnea
A271: 270 | B271: Female | C271: 49 | D271: {=_xlfn.IFS(C271 <=25, "under 25 ", C271<=35, "26-35", C271<=45, "36-45", C271<=60,"46-60", C271>60,"60+")} -> 46-60 | E271: Nurse | F271: 6.1 | G271: 6 | H271: 90 | I271: 8 | J271: Overweight | K271: 140/95 | L271: 75 | M271: 10000 | N271: Sleep Apnea
A272: 271 | B272: Female | C272: 49 | D272: {=_xlfn.IFS(C272 <=25, "under 25 ", C272<=35, "26-35", C272<=45, "36-45", C272<=60,"46-60", C272>60,"60+")} -> 46-60 | E272: Nurse | F272: 6.1 | G272: 6 | H272: 90 | I272: 8 | J272: Overweight | K272: 140/95 | L272: 75 | M272: 10000 | N272: Sleep Apnea
A273: 272 | B273: Female | C273: 49 | D273: {=_xlfn.IFS(C273 <=25, "under 25 ", C273<=35, "26-35", C273<=45, "36-45", C273<=60,"46-60", C273>60,"60+")} -> 46-60 | E273: Nurse | F273: 6.1 | G273: 6 | H273: 90 | I273: 8 | J273: Overweight | K273: 140/95 | L273: 75 | M273: 10000 | N273: Sleep Apnea
A274: 273 | B274: Female | C274: 49 | D274: {=_xlfn.IFS(C274 <=25, "under 25 ", C274<=35, "26-35", C274<=45, "36-45", C274<=60,"46-60", C274>60,"60+")} -> 46-60 | E274: Nurse | F274: 6.1 | G274: 6 | H274: 90 | I274: 8 | J274: Overweight | K274: 140/95 | L274: 75 | M274: 10000 | N274: Sleep Apnea
A275: 274 | B275: Female | C275: 49 | D275: {=_xlfn.IFS(C275 <=25, "under 25 ", C275<=35, "26-35", C275<=45, "36-45", C275<=60,"46-60", C275>60,"60+")} -> 46-60 | E275: Nurse | F275: 6.2 | G275: 6 | H275: 90 | I275: 8 | J275: Overweight | K275: 140/95 | L275: 75 | M275: 10000 | N275: Sleep Apnea
A276: 275 | B276: Female | C276: 49 | D276: {=_xlfn.IFS(C276 <=25, "under 25 ", C276<=35, "26-35", C276<=45, "36-45", C276<=60,"46-60", C276>60,"60+")} -> 46-60 | E276: Nurse | F276: 6.2 | G276: 6 | H276: 90 | I276: 8 | J276: Overweight | K276: 140/95 | L276: 75 | M276: 10000 | N276: Sleep Apnea
A277: 276 | B277: Female | C277: 49 | D277: {=_xlfn.IFS(C277 <=25, "under 25 ", C277<=35, "26-35", C277<=45, "36-45", C277<=60,"46-60", C277>60,"60+")} -> 46-60 | E277: Nurse | F277: 6.2 | G277: 6 | H277: 90 | I277: 8 | J277: Overweight | K277: 140/95 | L277: 75 | M277: 10000 | N277: Sleep Apnea
A278: 277 | B278: Male | C278: 49 | D278: {=_xlfn.IFS(C278 <=25, "under 25 ", C278<=35, "26-35", C278<=45, "36-45", C278<=60,"46-60", C278>60,"60+")} -> 46-60 | E278: Doctor | F278: 8.1 | G278: 9 | H278: 85 | I278: 3 | J278: Obese | K278: 139/91 | L278: 86 | M278: 3700 | N278: Sleep Apnea
A279: 278 | B279: Male | C279: 49 | D279: {=_xlfn.IFS(C279 <=25, "under 25 ", C279<=35, "26-35", C279<=45, "36-45", C279<=60,"46-60", C279>60,"60+")} -> 46-60 | E279: Doctor | F279: 8.1 | G279: 9 | H279: 85 | I279: 3 | J279: Obese | K279: 139/91 | L279: 86 | M279: 3700 | N279: Sleep Apnea
... A375: 374 | B375: Female | C375: 59 | D375: {=_xlfn.IFS(C375 <=25, "under 25 ", C375<=35, "26-35", C375<=45, "36-45", C375<=60,"46-60", C375>60,"60+")} -> 46-60 | E375: Nurse | F375: 8.1 | G375: 9 | H375: 75 | I375: 3 | J375: Overweight | K375: 140/95 | L375: 68 | M375: 7000 | N375: Sleep Apnea
